<monitor>
    <name>HardwareMonitor</name>
       <type>managed</type>
        <description>Uptime</description>
        <monitor-configuration>     </monitor-configuration>
        <monitor-run-task>
           <!--  Edit execution-style as needed. -->
           <execution-style>periodic</execution-style>
           <execution-frequency-in-seconds>300</execution-frequency-in-seconds> 
           <execution-timeout-in-secs>30</execution-timeout-in-secs>
           <name>Run</name>
           <type>executable</type>
           <task-arguments></task-arguments>
            <executable-task>
                <type>file</type>
                <file>run.bat</file>
           </executable-task>
         </monitor-run-task>
</monitor>