<monitor>
    <name>Uptime24</name>
       <type>managed</type>
        <description>Monitors Server Uptime - 24 hours and 30 days percentage.</description>
        <monitor-configuration>     </monitor-configuration>
        <monitor-run-task>
           <!--  Edit execution-style as needed. -->
           <execution-style>continuous</execution-style>
           <name>Run</name>
           <type>executable</type>
           <task-arguments></task-arguments>
            <executable-task>
                <type>file</type>
                <file>uptime_24hr_30days.sh</file>
           </executable-task>
         </monitor-run-task>
</monitor>
